model,variant_id,ndcg@10,risk_fit@10,rec_pop@10,ndcg@20,risk_fit@20,rec_pop@20,gini_index,catalog_coverage
Popularity,0,0.21147538324765927,0.8783603510509957,5.6477230322462875,0.239105999862974,0.8775046763284838,5.224970246304705,0.9711393527522558,0.07196029776674938
Popularity,1,0.21946073161131563,0.8815486020380345,5.7481484678096395,0.253780411944393,0.8816343689067873,5.319419575964007,0.9713651022257115,0.07320099255583126
Popularity,2,0.2433194110256749,0.8820491041606595,5.876762004231138,0.2783122492159293,0.8834317452168354,5.437609085768615,0.9716572881863712,0.07196029776674938
Popularity,3,0.292295926395133,0.8880046567260829,6.016594968633907,0.3311882149994039,0.8888689195080498,5.557217162244733,0.9718996247110328,0.07320099255583126
Popularity,4,0.3304467747439018,0.8900969700072517,6.10225278174059,0.3731463213051499,0.8908963375284815,5.630341780939199,0.9721093873291318,0.07444168734491315
Popularity,5,0.3531373720440652,0.8898253020383566,6.147225691436452,0.3947343679582245,0.8908315846093221,5.682996868170822,0.9721882749675357,0.07692307692307693
Popularity,6,0.3718388610334306,0.8900931262413864,6.158316280752477,0.41420494503859917,0.8912890597076996,5.68809378966751,0.9721552693579727,0.07816377171215881
Popularity,7,0.3735028850047281,0.8911039174959066,6.170988862218061,0.4180408219967257,0.8919569509152543,5.706815316868945,0.9722227775049648,0.0794044665012407
Popularity,8,0.4020492759042541,0.8931825709830314,6.174091781041679,0.4489277376322175,0.8938926069052521,5.6654895965792464,0.972360120861463,0.07568238213399504
Popularity,9,0.4075335144716524,0.8932742660327296,6.194607586696592,0.45459622219743945,0.8939867718617648,5.688389652500468,0.9724154515292609,0.07568238213399504
Popularity,10,0.4099659388627879,0.8928688815847065,6.204599994045844,0.4584461008768344,0.8937850521228479,5.694470443423882,0.9724404152270163,0.07692307692307693
Popularity,11,0.4119043025539363,0.8930618451286845,6.2041537253487595,0.46131169974568464,0.8940561356542857,5.694420032286543,0.9724023167893598,0.07692307692307693
Popularity,12,0.40976156596583657,0.8928940385131114,6.239925298851316,0.46127854431806153,0.8935067548844441,5.738261194586062,0.9723418131065562,0.07692307692307693
Popularity,13,0.41688531942833645,0.8926557173258188,6.261356794342531,0.46974530477467336,0.8928178639588821,5.765402153783946,0.9722412925354567,0.07692307692307693
Popularity,14,0.4244260683567555,0.8902503988065549,6.281491246890588,0.47504343013445355,0.8902786553870204,5.791281393600475,0.9721287624976023,0.07816377171215881
Popularity,15,0.4349953987886095,0.8932061643310847,6.288911339759167,0.4869377739669307,0.8930046771709494,5.801847150184231,0.9719472690742852,0.08064516129032258
Popularity,16,0.43123540423787704,0.892373121241,6.307365185390261,0.4821750651877266,0.8916456370550627,5.812445309049281,0.9717187382509962,0.08064516129032258
Popularity,17,0.4286177025991944,0.8887403817506512,6.314772518043787,0.4802283102592307,0.8881481142412414,5.82297434183112,0.971384407336652,0.08188585607940446
Popularity,18,0.32877094724367256,0.8845195492534744,6.371489514251184,0.3745435492990724,0.8842901707860941,5.887234782537098,0.9711439402256297,0.08312655086848635
Popularity,19,0.3076143732742486,0.8836685296973978,6.395551693697652,0.3567509573754973,0.8832219360464624,5.905370788138196,0.97106112016187,0.08436724565756824
Popularity,20,0.29895881644687405,0.8854991626842251,6.43282606255657,0.3422932202972745,0.8851195370359375,5.946390105302461,0.9710303161074549,0.08684863523573201
Popularity,21,0.2941345442790136,0.8859271012262169,6.4338967810344885,0.3368832541328722,0.8854309653616225,5.955288221421985,0.97089400619112,0.08684863523573201
Popularity,22,0.28252918415818074,0.8856364699321182,6.441363506582289,0.3255043630021098,0.8851067309720332,5.967214655341161,0.9708162535932403,0.08684863523573201
Popularity,23,0.28407963347330356,0.8848272352063462,6.459935409649612,0.32744980796183937,0.8843456217109216,5.987032331745945,0.9707646371453471,0.08933002481389578
Popularity,24,0.29540370273941857,0.8857753277766253,6.477087705131649,0.3375442174654376,0.8853035744686126,6.005080683771277,0.9707149976285889,0.09057071960297766
Popularity,25,0.2981074029441443,0.8857957588561923,6.485691951511495,0.3405588796888846,0.8851645988582215,6.018824792847881,0.9707026844123618,0.09057071960297766
Popularity,26,0.3020740046077476,0.8852152162082677,6.504190612348163,0.34342116000893286,0.8846538617222413,6.0408378456213745,0.9706949492145824,0.09057071960297766
Popularity,27,0.2990674955308842,0.8861426102859904,6.501336629727976,0.34040361306495903,0.8853951383669836,6.0437464625782225,0.970669401839775,0.09057071960297766
Popularity,28,0.2979744568694596,0.8846409580619576,6.518347575164204,0.34147124126021783,0.8839962410564034,6.060354104784589,0.9706641844036672,0.09057071960297766
Popularity,29,0.2975119743514695,0.8852739268468637,6.530737296840045,0.34213018285722135,0.8845489878873175,6.0718936871750655,0.9706889003821844,0.0880893300248139
Popularity,30,0.2601752399580905,0.8876991471429606,6.600010978507745,0.29811637945542147,0.8871712169226456,6.137219066841665,0.9709586693187215,0.0880893300248139
Popularity,31,0.3006283024419196,0.890463455875834,6.5951348500246825,0.34572279062886935,0.8902470736152978,6.131908888014988,0.9708413959523754,0.08684863523573201
Popularity,32,0.3013499614506324,0.8911151510736638,6.613610847896313,0.3473585876227227,0.8907814973092196,6.1596860221539025,0.9707992605506366,0.08436724565756824
Popularity,33,0.2802564371298804,0.8896278148985018,6.612379626213213,0.3246038682655311,0.8894018363538947,6.163886122784188,0.9707940800040522,0.08436724565756824
Popularity,34,0.2793840817472843,0.888139137696836,6.628476462918148,0.3234974603658861,0.8878578848593568,6.180636697397188,0.9707563621539599,0.08560794044665013
Popularity,35,0.27499379901667925,0.8867692779506965,6.648681068947139,0.31687129547556,0.8865008475270265,6.202433157298641,0.970692822091765,0.08684863523573201
Popularity,36,0.2610108617789461,0.8884255520559694,6.666821232509846,0.30254675452562063,0.8880753401037167,6.218475058414031,0.970515974163739,0.0880893300248139
Popularity,37,0.25836915045039205,0.8887094145566887,6.66380343241857,0.3007609990337708,0.8882417191056459,6.223280829410758,0.9704260999253413,0.0880893300248139
Popularity,38,0.2535140377341021,0.8877495340333192,6.678217397103945,0.2955159178073123,0.8874101390213405,6.2318535314424155,0.9703309165632754,0.0880893300248139
Popularity,39,0.22353740325450103,0.8891489173965489,6.699856306884226,0.2614312646034648,0.8888390264272068,6.2520998184411365,0.970488201323932,0.08933002481389578
Popularity,40,0.19906934749108354,0.8874259880414129,6.705778493686843,0.23542301977706184,0.8869757568902368,6.263157978490876,0.9704437505227645,0.0880893300248139
Popularity,41,0.19071615558225088,0.8875613980373801,6.707987049268616,0.226191451167528,0.8872653201856899,6.270670767311044,0.9703418915724282,0.09057071960297766
Popularity,42,0.1789259366422287,0.8865528285591421,6.709789592597967,0.2159391012204481,0.886124815836116,6.275376032525821,0.9703117140632613,0.08933002481389578
Popularity,43,0.1387002874821853,0.8874243846780956,6.738235696151993,0.16962240743012313,0.8870991946365472,6.34861717127538,0.9706041782078647,0.08933002481389578
Popularity,44,0.12721752668451083,0.8873180965512109,6.732492156727349,0.15738821336177203,0.8870593197751673,6.347217469404345,0.9705472125172778,0.09057071960297766
Popularity,45,0.1133206329161556,0.887696315622755,6.7231809968483285,0.14320645431762982,0.8875170932205314,6.344556580537022,0.9704389207744293,0.09181141439205956
Popularity,46,0.10490509134020802,0.8881771853879268,6.717420598081622,0.13373832290847612,0.8877799271549682,6.345965567435028,0.9703757934321398,0.09181141439205956
Popularity,47,0.0855852773682342,0.8899751419345472,6.729125203475443,0.11238380926898028,0.8896353854731146,6.364413864930262,0.9705012253933116,0.09181141439205956
Popularity,48,0.07882941954490348,0.8904519151617193,6.72222201372009,0.10497687860138487,0.8901877129789906,6.360098487914451,0.9704741959194698,0.08933002481389578
Popularity,49,0.07819971631585299,0.8887791519888688,6.725242087195157,0.10335623146932525,0.8883381073085609,6.378500386381608,0.9703659998231984,0.09181141439205956
MF_SVD_50,0,0.03286762383293847,0.8734170009660988,3.2427288197455337,0.040776379941849884,0.8735999650971892,3.1387249300890723,0.8752138987622857,0.2369727047146402
MF_SVD_50,1,0.030004802902810466,0.8766547693319187,3.32983000479898,0.03690234065298817,0.8768679083887166,3.2136446212084717,0.8777923431778685,0.24193548387096775
MF_SVD_50,2,0.030159846639531307,0.8794709277494852,3.408203354513352,0.038572599122556304,0.8789054144226982,3.2828034410532823,0.8803461136836803,0.23821339950372208
MF_SVD_50,3,0.02907826179834177,0.8815312046207542,3.473934005558895,0.03583335791613423,0.882247214143505,3.3609269098898125,0.880902050740354,0.24813895781637718
MF_SVD_50,4,0.02926458996788202,0.8844446821213111,3.5179139698113104,0.03565585158962884,0.8852049965841605,3.409307478506559,0.8829011322083415,0.24069478908188585
MF_SVD_50,5,0.030224251260621154,0.8849679784455698,3.550395666566744,0.03549865098954162,0.8855126836335668,3.432857355143473,0.883917638475801,0.24441687344913152
MF_SVD_50,6,0.03332270409101437,0.8860453947177147,3.54164549700758,0.0397687756167402,0.8859714953687721,3.430202646033873,0.8813395079253297,0.24317617866004962
MF_SVD_50,7,0.03259344715405404,0.887109306876249,3.5610595867638666,0.0397318410299201,0.886910259223275,3.4508186754669783,0.8821936758607003,0.24317617866004962
MF_SVD_50,8,0.03367626221896574,0.8866855365778781,3.5547560319232208,0.04197683817949873,0.8870145611160308,3.444935696609574,0.8838794343317717,0.2518610421836228
MF_SVD_50,9,0.033299199443619795,0.8872655229306206,3.584526591975995,0.0418065161021928,0.8875623482497205,3.471034568333518,0.8861509535227368,0.24441687344913152
MF_SVD_50,10,0.033430075687381725,0.8871466237190665,3.6009192245048136,0.04159219548093663,0.8872334558758288,3.4743200813234916,0.8853979581195583,0.24689826302729528
MF_SVD_50,11,0.034841392254888054,0.8890555888954184,3.5727030173799834,0.04186233426354574,0.8892236202202292,3.4589102231173054,0.8839358926190013,0.24441687344913152
MF_SVD_50,12,0.033474698857253675,0.8891250884992961,3.613910740278558,0.040438180271680585,0.8893655861242241,3.4816219152453924,0.8832780672506664,0.24813895781637718
MF_SVD_50,13,0.03151730884079697,0.8881982051789257,3.6359944067963674,0.039318995308771136,0.8881914131571352,3.526502654511192,0.8824374558942785,0.24813895781637718
MF_SVD_50,14,0.032992813704816486,0.8828650700700865,3.666545634610694,0.040838231602724505,0.8832018168760263,3.547869206594522,0.884344743026048,0.24441687344913152
MF_SVD_50,15,0.02972881822682042,0.8860334773435836,3.6625819291821253,0.03721465096794303,0.8865896159637782,3.5364559352967015,0.8843263432477142,0.24813895781637718
MF_SVD_50,16,0.026814017158204057,0.8846507127611897,3.651627528876627,0.03312267042081089,0.8850304309260586,3.5254902298017448,0.8859609889696738,0.24193548387096775
MF_SVD_50,17,0.027677544563920096,0.8790563807771652,3.6373592717005154,0.03478852758714163,0.8801134862716442,3.5053927189026504,0.8847857713416207,0.24193548387096775
MF_SVD_50,18,0.0214012504501609,0.8754477440018503,3.7137850832696673,0.02769445066217359,0.8761172208897233,3.5784537973291393,0.8842320161054034,0.24813895781637718
MF_SVD_50,19,0.0243576912085976,0.8748058756196702,3.738209633864687,0.030770392567321933,0.8752723374368745,3.6221264480549102,0.8849986810370816,0.24441687344913152
MF_SVD_50,20,0.01889405993475348,0.8780131506993798,3.7969075371809486,0.024191436231061302,0.878257302329411,3.687418177030079,0.889243715611177,0.24193548387096775
MF_SVD_50,21,0.020563789758308387,0.8778352905927153,3.7949464167379725,0.02612548846836996,0.8777293017466913,3.6826156827830827,0.8879009138431888,0.23821339950372208
MF_SVD_50,22,0.02047544200666643,0.8775268559041548,3.7947602550968482,0.025152375156998346,0.8776297710486013,3.6700323555656036,0.8839034771752883,0.24193548387096775
MF_SVD_50,23,0.0220596660628314,0.87817881726329,3.825166811709913,0.027978793765754757,0.8783434751910697,3.6993405729323365,0.8839718609311593,0.24193548387096775
MF_SVD_50,24,0.02209578728174571,0.8793705193033249,3.831603866594747,0.028229527571513528,0.8796706651749208,3.703370282454962,0.8839687798574403,0.24193548387096775
MF_SVD_50,25,0.025921297072588452,0.8787859544410164,3.840206453208968,0.03154837959197973,0.8788137334952144,3.716856095424192,0.8843522635545564,0.24069478908188585
MF_SVD_50,26,0.023618002101413918,0.8785885928229004,3.8758012235221453,0.030341079908168346,0.8787890015514394,3.7447919845848885,0.8864923399857347,0.24317617866004962
MF_SVD_50,27,0.023648694207225034,0.8789025694849527,3.8881535306524713,0.03022609204485294,0.8791181843703625,3.7611406219718226,0.8860575173037255,0.24193548387096775
MF_SVD_50,28,0.02472624881957202,0.878747606804965,3.9026217331491257,0.032025888920504016,0.8789122609125253,3.7864845584988913,0.8864102651444681,0.24317617866004962
MF_SVD_50,29,0.02529901112660399,0.880164617132564,3.8895199915087217,0.032653112667987254,0.8806524974830735,3.7817940426466548,0.8855307804012194,0.24317617866004962
MF_SVD_50,30,0.023422329262566533,0.884595355720563,3.975266253861741,0.02958780944060573,0.8846553491349903,3.8770857197070225,0.884230607426139,0.24441687344913152
MF_SVD_50,31,0.028278367963503467,0.8879095612370241,3.983760547022105,0.03513020805822421,0.888059249590891,3.8521417192941745,0.8819190151603198,0.24441687344913152
MF_SVD_50,32,0.02858116614298002,0.888307922848905,4.000594840636624,0.03603219149881155,0.8884588807482721,3.874479300587403,0.8824009987060819,0.24193548387096775
MF_SVD_50,33,0.02757569577339952,0.8868951018180403,3.996343415576678,0.03555913494268477,0.8864492966601594,3.8729574193897247,0.8810578329276215,0.2456575682382134
MF_SVD_50,34,0.028333995727541254,0.8850178398972415,3.9867572705703167,0.036839792930060046,0.8846426290914415,3.8789548749599523,0.8808464076180345,0.24441687344913152
MF_SVD_50,35,0.02718615947566386,0.8840847658011343,3.9986974556591433,0.036769763861341814,0.8836232481356855,3.872294508563584,0.8795609368378254,0.24441687344913152
MF_SVD_50,36,0.02803560393280745,0.8846992958736749,4.007485782198485,0.03712024368195353,0.8848540167663158,3.897803657692665,0.8802652676488978,0.24441687344913152
MF_SVD_50,37,0.03169340083884359,0.8847118517395016,4.03243158651386,0.04016284495676434,0.88471480255685,3.9218397585839146,0.8822401769287658,0.2456575682382134
MF_SVD_50,38,0.033195628638633366,0.8837997563958783,4.047812046985677,0.04205403963282079,0.8839444878778245,3.941299073457068,0.8808508275998195,0.24193548387096775
MF_SVD_50,39,0.030508403345250627,0.8843901992390586,4.098508494506776,0.038175784624676405,0.8847609285313385,3.9990452840490462,0.8808818986618019,0.24069478908188585
MF_SVD_50,40,0.031556858079310954,0.8818355754812104,4.126117752360642,0.039516225035164804,0.8820642835334804,3.9906522736926355,0.8793613349318314,0.2456575682382134
MF_SVD_50,41,0.031124487246229324,0.8826872897402971,4.133946422668058,0.04053962958163282,0.8828913565759183,4.013642887601395,0.8800770640203002,0.24317617866004962
MF_SVD_50,42,0.03414241861878145,0.8817455353441557,4.134046692478227,0.04366883437635666,0.8819365899115843,4.025816776053682,0.879147645480566,0.24193548387096775
MF_SVD_50,43,0.03393051872601969,0.8800476006589346,4.0404022215780255,0.043968977226285316,0.8805290415818909,3.9630228560404968,0.8851583899970996,0.24317617866004962
MF_SVD_50,44,0.037475041453234076,0.8820365454510115,4.034748785876881,0.04607400260827427,0.8810295897491319,3.944399417772591,0.8832412712317899,0.23821339950372208
MF_SVD_50,45,0.0387498349525781,0.8829982826714506,3.9979880319080725,0.04754937238593897,0.8837876602958341,3.916349288134746,0.8826044646070501,0.23821339950372208
MF_SVD_50,46,0.04112718157486907,0.8830249453189416,3.979672896969788,0.04956096163607491,0.8829714033491196,3.941964682669275,0.8836908959677816,0.24317617866004962
MF_SVD_50,47,0.03600956259777468,0.8872110951653485,4.0327296579828324,0.04398916198994655,0.8860451377100834,3.9465854061132823,0.8815676618577524,0.24193548387096775
MF_SVD_50,48,0.035897162092379746,0.8865021286992928,4.11139675420045,0.04526824202564266,0.8858319211759161,4.051399193882482,0.8829760902083563,0.24069478908188585
MF_SVD_50,49,0.035234524624733275,0.8861212810464435,4.095693822539576,0.043266027899108266,0.884708835289132,4.062695836081393,0.8803915486790248,0.24813895781637718
BPR_MF,0,0.16431632634264715,0.879357799486069,5.109426311631176,0.19814198505243008,0.8797450580295345,4.766142701345794,0.9316529929433155,0.7779156327543424
BPR_MF,1,0.148404726672535,0.8829194654060217,4.992428938320847,0.18516246569358918,0.8834678871812491,4.710205590256955,0.9288556101631684,0.7692307692307693
BPR_MF,2,0.20661477369160028,0.8836980119493482,5.351483923525585,0.2471854781723603,0.884554601195947,5.023017931167187,0.9396188147077149,0.7692307692307693
BPR_MF,3,0.24877114113004167,0.889762647733917,5.48412946258087,0.29014189955577596,0.8903248811577656,5.127992263410269,0.9433080164330672,0.728287841191067
BPR_MF,4,0.2942707364930431,0.8917851359649726,5.673479311704938,0.34046125943432376,0.8919229410619874,5.3378907010103545,0.9531752111639533,0.6972704714640199
BPR_MF,5,0.27286135082044843,0.891305820302768,5.687955867310445,0.3224831682469402,0.8915156465358849,5.355654733492957,0.9527478608002424,0.7047146401985112
BPR_MF,6,0.32649460866069197,0.8908871392452505,5.77455053149202,0.3757597632574709,0.8920619599678165,5.378756405974966,0.9530020020721262,0.6550868486352357
BPR_MF,7,0.31949022188466303,0.8925119464212415,5.719977685660781,0.3718912392707296,0.893123528994643,5.393927167000933,0.9557675287069105,0.5992555831265509
BPR_MF,8,0.347366538419199,0.8928137834820234,5.699255292339321,0.3980405084045227,0.8930191571290657,5.348169773489088,0.9555148579720623,0.630272952853598
BPR_MF,9,0.31086745298562213,0.8928918825828213,5.790754912208099,0.3685331037654174,0.8935197623409855,5.4016561706269846,0.9537505576156355,0.6885856079404467
BPR_MF,10,0.3791630644084774,0.892804991152791,5.859707188207645,0.43027797655674516,0.8931839870589043,5.435387157374641,0.9564789268352649,0.6488833746898263
BPR_MF,11,0.3390169853954217,0.8926616017660133,5.746253244134732,0.39874451643891035,0.893526451089215,5.4031407366514905,0.9534818244750616,0.7047146401985112
BPR_MF,12,0.3680893588331276,0.8931487706939175,5.918917637025031,0.42100302745054363,0.8932648237892504,5.5023167667272,0.9569808880206958,0.6836228287841191
BPR_MF,13,0.3584261278098033,0.8927882848443729,5.862343717888703,0.4158175668393304,0.8930014031305643,5.50447321014167,0.9578491317835105,0.6339950372208437
BPR_MF,14,0.40690333519846994,0.8903065907971205,5.986789949832696,0.4568042774040369,0.8901393838871698,5.5666261046920535,0.9573617155680931,0.6600496277915633
BPR_MF,15,0.43556740025156715,0.8929576387884599,6.079776961234342,0.484484796803909,0.8923938565930848,5.637365647994642,0.9625390860773924,0.49503722084367247
BPR_MF,16,0.3853879172600732,0.8923317641025533,6.056776540830467,0.4419523732897911,0.891813740317832,5.619720737081715,0.9619419765511577,0.5645161290322581
BPR_MF,17,0.36050342739791463,0.8881600094401638,5.914959035485324,0.4156408333460202,0.8878911350663,5.586678625311321,0.9608314401474862,0.4478908188585608
BPR_MF,18,0.30918750650056,0.8851414748344114,6.130596486418245,0.3543322921887605,0.884412055612649,5.744773846137861,0.962937832939156,0.5248138957816377
BPR_MF,19,0.286547764906739,0.8826247562085334,6.2081496380622205,0.33125656075519544,0.8825196637576309,5.781795233247924,0.9627261803993412,0.5732009925558312
BPR_MF,20,0.2868836748551054,0.8852701791884168,6.276343222615252,0.33082261114422284,0.8846278383827867,5.844809227655903,0.9632527084732667,0.5632754342431762
BPR_MF,21,0.28050291160889684,0.8853462297199057,6.291019429932377,0.3237167538804544,0.8847325821405607,5.885569593233079,0.9665034997123281,0.3771712158808933
BPR_MF,22,0.2553585045439765,0.8863798387574264,6.234196569685369,0.3011614717786003,0.8848834507077001,5.835377531473974,0.9637307067396337,0.4975186104218362
BPR_MF,23,0.28153025031057705,0.8849324328608756,6.333202845528199,0.32640050629837136,0.8840749579790916,5.897346994079,0.9634910292493102,0.5397022332506204
BPR_MF,24,0.26733255449342175,0.885426465058576,6.212785120753708,0.31156644905280156,0.8845461175421971,5.873083133436077,0.9662616594378723,0.4739454094292804
BPR_MF,25,0.29931067144118917,0.8857562056803184,6.431648065979066,0.3393263521594242,0.8849029496226074,5.966809162432702,0.9659571627362145,0.456575682382134
BPR_MF,26,0.28991793697663154,0.8851408142032987,6.422131907032667,0.33131152893276394,0.8841040892748525,5.988229790135787,0.9665687966761789,0.4466501240694789
BPR_MF,27,0.3017223276177084,0.8861404716708786,6.410453249060076,0.34251040520889725,0.8851286906593707,5.974263233308663,0.9659384612717887,0.43300248138957814
BPR_MF,28,0.3110139000853129,0.8842587594861985,6.4127113198678485,0.35194563345343,0.8835277965760371,5.979374640616929,0.9644090912663994,0.5173697270471465
BPR_MF,29,0.2860897684362651,0.8846879408621279,6.419069979981601,0.32929581239733713,0.8837837021375975,5.986011754676488,0.9648218636055759,0.4913151364764268
BPR_MF,30,0.2589741490941854,0.8875093086247572,6.484239455909992,0.2952275614580005,0.8865476971085484,6.058961730891363,0.9656043807447867,0.5148883374689827
BPR_MF,31,0.31241227669257243,0.8903914724175399,6.470522414589832,0.35727699682418185,0.8899315922436755,6.0546965554293335,0.9645175069163792,0.5384615384615384
BPR_MF,32,0.29995204916637436,0.8909445876200774,6.4364888487891365,0.3461176894011564,0.8902648993600805,6.07121283162951,0.9642341932645293,0.4987593052109181
BPR_MF,33,0.28800809804182237,0.8896845258601053,6.404166768360714,0.33244804120458343,0.8892981682602967,6.046827839415773,0.9620034938530684,0.5285359801488834
BPR_MF,34,0.2909464342146801,0.8878098635902796,6.506090351004628,0.3342770342182402,0.8874472954008863,6.134335818933927,0.9661219765867857,0.38461538461538464
BPR_MF,35,0.27265313660673307,0.8869539039535658,6.46549056013694,0.31499456480429877,0.8864208109606505,6.107714789150761,0.9632642229729536,0.532258064516129
BPR_MF,36,0.2679542466674656,0.8888432056174238,6.55073554258135,0.3104348558828862,0.8882811050264403,6.140150185418787,0.9641061932270056,0.5049627791563276
BPR_MF,37,0.2584668220039541,0.888193425529081,6.541153121221282,0.29836251186693946,0.8878341828228091,6.1322137564987935,0.9637293684274113,0.5124069478908189
BPR_MF,38,0.24583142565485044,0.8870833956624373,6.435034397005312,0.2884860264924748,0.8867888678543153,6.0939460789956295,0.9625326034852244,0.46029776674937967
BPR_MF,39,0.23407695999014044,0.8895196664901077,6.481999322158149,0.27189556519480107,0.8891252239850724,6.105311855016751,0.9606274017750529,0.5992555831265509
BPR_MF,40,0.2062697387426807,0.8873834011230332,6.567522724123778,0.24098823608636386,0.8867517173028703,6.184472943906718,0.9643236679956506,0.4838709677419355
BPR_MF,41,0.202694283283729,0.8879202828695691,6.540946385447273,0.23820831656834685,0.887077981953463,6.168256330891635,0.9637481560844019,0.5049627791563276
BPR_MF,42,0.19275022194605768,0.8867422387092512,6.5604825323474225,0.2290101565285475,0.8859302606706122,6.164898345605007,0.9622309260680337,0.5483870967741935
BPR_MF,43,0.14345922623147667,0.886351939722781,6.556123670256349,0.17695482274679503,0.8855414737512038,6.200607447700227,0.964235355018765,0.3511166253101737
BPR_MF,44,0.13318775178598027,0.8856820277746772,6.374953588244507,0.1664393658368816,0.8851495129729758,6.12436752450032,0.9620699923347582,0.4143920595533499
BPR_MF,45,0.12310807654168883,0.8873396440952414,6.48869503048102,0.15632300996549894,0.8866157444164203,6.176605956859357,0.9638331944260285,0.36352357320099254
BPR_MF,46,0.1155821667879248,0.8840299032147264,6.259651633209661,0.1476364133248903,0.8846005319771298,6.043214086888786,0.9593068018924109,0.3759305210918114
BPR_MF,47,0.10159209941339639,0.8892233305966057,6.383829643024809,0.1315348370264294,0.8883822508929444,6.122688612472887,0.960524075599499,0.4218362282878412
BPR_MF,48,0.09321461222989322,0.8868319007643585,6.191368530125538,0.12379750797563396,0.8868635541184615,5.99837507179155,0.9573996593888172,0.3014888337468983
BPR_MF,49,0.08843188981877882,0.8874481823360332,6.540695136399935,0.11551777446862137,0.8868594999986658,6.2269607315110465,0.9634722801852715,0.39826302729528534
NCF,0,0.18507302980762094,0.8774170147013083,5.4981959917639385,0.21773904067017674,0.8777788828234766,5.115233322878382,0.9656172549720936,0.11042183622828784
NCF,1,0.1993235623099324,0.8810998994016562,5.636166818000287,0.23289332860893308,0.8817246721088292,5.191312326694644,0.9629199287169175,0.10918114143920596
NCF,2,0.2154925502430693,0.8819069291878996,5.7312287900498236,0.2558936537844024,0.8823067386476459,5.311965773400688,0.9644166454999576,0.11166253101736973
NCF,3,0.25767996384106107,0.8876228389022517,5.86296313831383,0.2988659395346514,0.8881019326242183,5.420537413566613,0.9636491159770593,0.1141439205955335
NCF,4,0.30014880298054225,0.890052650722571,5.982586235447812,0.342746508443193,0.8903703786680685,5.53429519502712,0.9650402819378787,0.11538461538461539
NCF,5,0.30655965248756484,0.8893178399311339,5.9618674698314,0.3550178810334884,0.8899810920516255,5.506832102824067,0.9624465246731368,0.12406947890818859
NCF,6,0.32387617300805066,0.8895466962466606,5.972913957938469,0.37088320611982356,0.8898237561298024,5.502745605460551,0.9622802974717848,0.12903225806451613
NCF,7,0.32223381733357476,0.8910769508950449,5.987231106217397,0.3737179326450801,0.8914337916880879,5.561057706259812,0.9643948118243355,0.11910669975186104
NCF,8,0.3547504813455283,0.8924278123257962,5.994892121085845,0.4043186083413683,0.8922661494323723,5.513206159124373,0.9624620700347737,0.11910669975186104
NCF,9,0.3578944994436767,0.89269804986828,6.006588480691426,0.4079693545487119,0.8927365861449251,5.53709688747678,0.962374710736889,0.12903225806451613
NCF,10,0.36244526168403846,0.8917237949386843,6.016577163720543,0.4114079639388101,0.8919366442860486,5.560472873142204,0.9636548941662828,0.12034739454094293
NCF,11,0.3763670209166574,0.89225731790133,6.04938243432162,0.4256451086157481,0.8922303343879895,5.57811315873831,0.9645798840917192,0.11538461538461539
NCF,12,0.3601877143400185,0.8922106394435514,6.036446999497897,0.41379798484792846,0.8921445457539695,5.575268839215897,0.9619415688934194,0.12903225806451613
NCF,13,0.3621641499675814,0.8919843788393709,6.045864532644472,0.41274470643415434,0.8914637573919936,5.575950702799919,0.9606410998533295,0.13895781637717122
NCF,14,0.3819891316158234,0.8891980344572515,6.12133973363721,0.43348448376186266,0.8888062863558429,5.647767051875582,0.9627373705675069,0.13399503722084366
NCF,15,0.39487550533248233,0.8921883755349704,6.067847374858604,0.44751221059229895,0.8913582377384307,5.606057868872994,0.9609300949522723,0.14392059553349876
NCF,16,0.3888193298968131,0.891092517409476,6.091473352960259,0.43745659130866116,0.8906556352770392,5.627606130330717,0.9614213691602029,0.13647642679900746
NCF,17,0.36816519263045716,0.8880146938617693,6.0803172975995325,0.4184279381909014,0.8872383896821562,5.61536446895469,0.9600757476818598,0.1401985111662531
NCF,18,0.2772213737926163,0.8829302242992711,6.131280109213537,0.3171405426593814,0.8821247155968802,5.672851819006934,0.958961138952727,0.13523573200992556
NCF,19,0.2534478556705397,0.882029754078261,6.193837717753208,0.29732230885967376,0.8815088972253547,5.73744461823269,0.9606102957375755,0.1401985111662531
NCF,20,0.2533359526582273,0.8837572121807228,6.286807688263803,0.29348783505694387,0.8830748054558248,5.808617366254241,0.9614661775811846,0.141439205955335
NCF,21,0.24847924919743705,0.884797493770244,6.243542901881903,0.28845400350728523,0.8837840704216156,5.773215685452435,0.9594612243169118,0.14392059553349876
NCF,22,0.2300512000598377,0.8844608657170823,6.196842639194713,0.27093753795700426,0.883683506856053,5.733532089294079,0.9566786172186248,0.15508684863523572
NCF,23,0.2313776309118202,0.8835984121697545,6.197619882941537,0.27495082081640776,0.8826930339079513,5.771667091343732,0.95825027339695,0.14516129032258066
NCF,24,0.2306510405852005,0.8846540574334216,6.241535371757201,0.2769639935872551,0.8838702161770948,5.804549837912377,0.9584563488517559,0.14267990074441686
NCF,25,0.24081835306666463,0.8844558394322584,6.291392660934519,0.2791802634341377,0.8832697899366836,5.804541175170375,0.9581234253503976,0.16997518610421836
NCF,26,0.2456999719850404,0.8835021186596919,6.233175065080326,0.2883200936029628,0.8823339176537919,5.79349846441073,0.9568051058310318,0.1588089330024814
NCF,27,0.24284283977512572,0.8849509790544646,6.305177739979317,0.28216085166456045,0.8837153095943369,5.8695472732487,0.9594746480920233,0.15508684863523572
NCF,28,0.21299665390146097,0.8831123107183824,6.22605592912503,0.26148836696711103,0.8820085107988321,5.833739654910851,0.958953637056815,0.1488833746898263
NCF,29,0.24149303609130987,0.8836538726843968,6.308453383391087,0.28431384406762195,0.8826643884366617,5.859848547647346,0.958672175700203,0.14764267990074442
NCF,30,0.21030585615625688,0.8862459622904622,6.403211612112546,0.24764597199291302,0.8855374029941125,5.941459162186848,0.958166366364978,0.16129032258064516
NCF,31,0.23756157564061736,0.8889915003076534,6.308794297088689,0.28026287677663936,0.8883372883055942,5.898883462696672,0.9565929059336482,0.1588089330024814
NCF,32,0.2780302252246808,0.8901435690026839,6.3972532803025155,0.3181197366239134,0.8892789750427935,5.973024427191807,0.9583756360187061,0.1575682382133995
NCF,33,0.22450611703055826,0.8879773743769871,6.393626856051781,0.26554784157206845,0.8874607346732255,5.98162730169146,0.9592946681045729,0.1513647642679901
NCF,34,0.2275971348484531,0.88655451510945,6.421065579694494,0.270182044035412,0.8862124072448659,5.9974765908766745,0.9594084618113969,0.1488833746898263
NCF,35,0.2453329786868543,0.8857420748269316,6.495929057134892,0.28364991224939606,0.8851724192036884,6.053978579256018,0.9600180871336481,0.15260545905707196
NCF,36,0.20841323286764382,0.887497190013959,6.433090323369247,0.24687722278507798,0.8867139964744444,6.0130642314082845,0.9565302115876584,0.16501240694789082
NCF,37,0.1976517141237351,0.8873963075999775,6.485356051845934,0.23885277356628695,0.8870096253189619,6.050948609532947,0.9586207614482025,0.1600496277915633
NCF,38,0.19603060181483256,0.8868126370725283,6.432176211463684,0.23332041456395636,0.8862686946919692,6.029034413337014,0.957127621202722,0.1600496277915633
NCF,39,0.1828898024531802,0.8887707562492027,6.4637031113935235,0.21812695956654615,0.8879659554041794,6.051868053746712,0.9576352435951729,0.15384615384615385
NCF,40,0.15635230272278725,0.8867472282474124,6.431173550389509,0.18879726659529866,0.8859106379551444,5.996775845443612,0.9545937212479436,0.16997518610421836
NCF,41,0.14090446742485446,0.8858977204056899,6.424323489699712,0.17557337739639758,0.885381185021241,6.061724936387012,0.9569184667831274,0.17121588089330025
NCF,42,0.14183518316113677,0.885646599348405,6.469371430971732,0.17401336411555102,0.8847259569590069,6.072038083397372,0.956711430635919,0.1600496277915633
NCF,43,0.10434723667887877,0.8870066593748703,6.5594828341399625,0.13244222565861752,0.8858431264842335,6.169061763690936,0.9597774217589885,0.16129032258064516
NCF,44,0.0968231109083173,0.8867109276847842,6.5285614889877825,0.12413045461637577,0.8860576988958617,6.150365260070391,0.9584391005840873,0.1513647642679901
NCF,45,0.0892607718585582,0.8873220044696785,6.535902008201348,0.1150985119342364,0.8866839985301749,6.155872097572067,0.9584636378560287,0.1600496277915633
NCF,46,0.08246624205327374,0.8866218815604543,6.450561209940898,0.10758991478338527,0.8862359532507462,6.117882586110974,0.9564127666141469,0.1575682382133995
NCF,47,0.06733161170562739,0.8891206496795792,6.472829482020735,0.09106561444065124,0.8883335009817389,6.12323688611937,0.9551774333811929,0.16501240694789082
NCF,48,0.0652188320059603,0.8892715311462045,6.466944384133165,0.08801447467467381,0.8888514398625937,6.131266734196256,0.9547695874625395,0.1674937965260546
NCF,49,0.06800646220132618,0.8881146889154921,6.556274894937508,0.0878459330894234,0.8876336798077037,6.169930050327011,0.9586332621330083,0.15384615384615385
ContentBased,0,0.028394586544137894,0.914822432118623,1.7959833200694366,0.0380602140836926,0.91995212072403,1.5606658712254007,0.7941264092876996,0.7903225806451613
ContentBased,1,0.027298850364446868,0.9160602228248093,1.820997942110485,0.03643623615944781,0.9213254446839698,1.5656504213570268,0.7832650485424273,0.8200992555831266
ContentBased,2,0.03223063491706945,0.9169793581316669,1.8799036708012296,0.04067345456345833,0.9228675060367841,1.5915214968943159,0.7751528344937031,0.8225806451612904
ContentBased,3,0.0391604217123867,0.9191111861620325,1.9550169359660867,0.04802396482574294,0.9241755880695371,1.6430553082159938,0.7753238351800145,0.825062034739454
ContentBased,4,0.0418988497602379,0.9217109902311647,2.0229006261097275,0.05065557438427106,0.9265257492191353,1.6907776069288278,0.7747820556437139,0.8312655086848635
ContentBased,5,0.04374518479176912,0.9210066382399574,2.0577786842290817,0.05269954136256567,0.9260490058982782,1.712393175569244,0.7757270740287445,0.8411910669975186
ContentBased,6,0.04648891523921413,0.9210173237319863,2.0590372224326075,0.05660093766203046,0.9257633800991544,1.719821742847891,0.7745267108867742,0.8449131513647643
ContentBased,7,0.04631844002907202,0.9216063404901225,2.068337196119684,0.05625141151901116,0.9263790814077818,1.7278884793472127,0.7751899066980135,0.8362282878411911
ContentBased,8,0.04803342379091516,0.9201777064001524,2.0580921743376592,0.057362542183314914,0.9252343529418082,1.7270178905447198,0.7752754142377318,0.8362282878411911
ContentBased,9,0.047626367456225796,0.9189786968605029,2.0739852340371234,0.0570390731308704,0.9244495875063539,1.738406935904648,0.7754630300833634,0.8374689826302729
ContentBased,10,0.04735053299767679,0.9188397568985986,2.0816950515071633,0.05705067075286402,0.9243237559550316,1.7421487797146602,0.773378101477991,0.847394540942928
ContentBased,11,0.04854356604109062,0.9219288087203213,2.0590488940591296,0.0582633906454862,0.9269290938288967,1.7198477160447452,0.7709183343448813,0.8511166253101737
ContentBased,12,0.04880694705055948,0.9233513900441291,2.0780817444552873,0.058084092111369987,0.9284235068024291,1.7476991759837432,0.772433528406022,0.8560794044665012
ContentBased,13,0.04738385989763595,0.9181586641168992,2.1059295129406084,0.056337998932072274,0.9244200695873465,1.7711538815038628,0.7746150405401575,0.8511166253101737
ContentBased,14,0.04877274612167774,0.9160978032572155,2.111755063545112,0.05818507841151014,0.9223751905976134,1.7844166077495254,0.7764903418298841,0.8511166253101737
ContentBased,15,0.04563864644237715,0.9182633877247501,2.124710641156756,0.05551047872091694,0.923999631878395,1.8064882899919161,0.7858659644445933,0.8622828784119106
ContentBased,16,0.04456561334893853,0.9174557567738445,2.1281973348304235,0.05377067470370414,0.9238739169967914,1.812277843497779,0.7949054512485032,0.8684863523573201
ContentBased,17,0.042492708398023854,0.9156066009949013,2.145011491566756,0.05232488612155893,0.9226362753356163,1.8246952855214187,0.8044717404047368,0.8647642679900744
ContentBased,18,0.034745103327858705,0.9108559583500404,2.27155071216411,0.052476180721122104,0.9180925645130508,1.9372179155065397,0.8155270062867199,0.8660049627791563
ContentBased,19,0.03439002567439224,0.9097789483514496,2.278738712278859,0.050619609466105796,0.9167913104092156,1.9478829577757486,0.8177959984694232,0.8610421836228288
ContentBased,20,0.03522166507886188,0.9143554019911172,2.2756928437027146,0.05124678760235546,0.9212213630271979,1.92801812459208,0.8100783743244042,0.8784119106699751
ContentBased,21,0.03802061961987035,0.9123911837671378,2.2898547078030083,0.054330115891827485,0.9187512168094677,1.9363497609994107,0.8148293912300704,0.8796526054590571
ContentBased,22,0.039709077306064704,0.9144235292825301,2.2963620113908343,0.055472483646867216,0.9204289628067607,1.9465824661128028,0.8142926003474225,0.8784119106699751
ContentBased,23,0.03920817989151003,0.9127588361128107,2.339615747117402,0.05486969227129291,0.9189787634068024,1.9725022330283941,0.8188828473251508,0.8598014888337469
ContentBased,24,0.038705687046014126,0.9131268469610918,2.3531253829517476,0.053949608144385854,0.919406980291537,1.9869980443610566,0.8195277111415078,0.8573200992555832
ContentBased,25,0.03927651131684828,0.9136624848054717,2.362417915283083,0.054623231165670194,0.9195665115840652,1.9993408508820432,0.8193549406287455,0.8635235732009926
ContentBased,26,0.039020739523470606,0.9145446188909577,2.38249110636827,0.05427875534373984,0.9202927026771316,2.0170615351667958,0.8192609275553007,0.8622828784119106
ContentBased,27,0.03757210908626075,0.9152331295975284,2.3766449522029967,0.05294262865981976,0.9207605464774705,2.011341516840285,0.8165684422180235,0.8647642679900744
ContentBased,28,0.03903916101752051,0.9145702517864519,2.395532752752261,0.05405394443613508,0.9201855714256797,2.0253511128885675,0.8156414994720169,0.8660049627791563
ContentBased,29,0.03861458539319762,0.915070795932205,2.3947228737119715,0.053835678404609955,0.9205407719900383,2.029776506776698,0.8155954657012299,0.8660049627791563
ContentBased,30,0.03606789397230259,0.9206672226924512,2.358187047493516,0.049244806183238815,0.9259643203943931,1.97461861987505,0.790272507890865,0.8982630272952854
ContentBased,31,0.03943327312270656,0.9266237331536539,2.2808771728973904,0.048475554415334125,0.9317528764944001,1.9316396447307165,0.7875594437182263,0.8995037220843672
ContentBased,32,0.03916884592873413,0.9263482971592261,2.292735487383434,0.047861974634562654,0.9315432992711654,1.9434869027219135,0.787470786309542,0.901985111662531
ContentBased,33,0.03660177173693894,0.9254283257790624,2.2058132693475274,0.04510536833818323,0.9312792592616491,1.8682103564618038,0.7826098057589677,0.8833746898263027
ContentBased,34,0.03736249504229028,0.923901161882824,2.214494955267985,0.045828551539168774,0.9300034851145876,1.8796129395862924,0.7824229000957597,0.8833746898263027
ContentBased,35,0.03715079637881755,0.923305875526855,2.215900458683288,0.04559223219069595,0.9293456910419572,1.8887828107683187,0.7825890407109608,0.890818858560794
ContentBased,36,0.03627676812500531,0.9241264690816089,2.2090420174431205,0.04474874911144402,0.930113419870121,1.8922056351363843,0.7843083839761154,0.890818858560794
ContentBased,37,0.03595548610389305,0.9235317795978817,2.217929830116047,0.0441766181279945,0.9296391397114746,1.898689946568307,0.785181922628267,0.8858560794044665
ContentBased,38,0.03597471769691275,0.9235919207662322,2.2214767345779918,0.043923465259257,0.9297676158531486,1.8982412238536208,0.7858998738157004,0.9044665012406948
ContentBased,39,0.03196032132611741,0.9265905012240233,2.1713046742833955,0.03974160796357891,0.9327621749671489,1.8512606659873774,0.7725873569325576,0.9044665012406948
ContentBased,40,0.030250883210685624,0.9248394841865234,2.1982863862533266,0.03710833176957992,0.9309213093139259,1.880708705628935,0.7752546630607522,0.9057071960297767
ContentBased,41,0.027664062972047456,0.925562750811923,2.209496589564194,0.03506292363922646,0.9315513788652902,1.886138193190276,0.7748656966842369,0.9069478908188585
ContentBased,42,0.028056602954218284,0.924847252481085,2.20935866249875,0.03505349769660533,0.9312596110860879,1.879825006600232,0.7731413103753451,0.9007444168734491
ContentBased,43,0.022962798233414666,0.9383816427040939,1.8197534637681083,0.03249999205240375,0.9391541943767622,1.5933161707676693,0.7714023303885054,0.9057071960297767
ContentBased,44,0.022554347115678015,0.9395023461949723,1.8121395205413608,0.032350228065131076,0.9402302119867231,1.589597954001137,0.7700103098534512,0.9069478908188585
ContentBased,45,0.021161917061952164,0.9408900406145931,1.795037868755805,0.03112057619101229,0.944229657147041,1.5745898059208003,0.7720088100905633,0.9094292803970223
ContentBased,46,0.02139373544103727,0.942052928848037,1.7733440867985766,0.03142582322654576,0.9455120682464377,1.5568678663947297,0.7693117498224737,0.9230769230769231
ContentBased,47,0.019287441133891026,0.9447242260925551,1.7306601170190385,0.04487610924246153,0.9415745327690621,1.5243170125259398,0.767429096779294,0.9218362282878412
ContentBased,48,0.017749864876685235,0.94545430841534,1.7180222708441826,0.04191399191722197,0.9444250568773883,1.5679487921194488,0.7648485187434086,0.9193548387096774
ContentBased,49,0.016810714386270183,0.9448094314497999,1.7202185218056838,0.04093095486043765,0.9436084758496412,1.5705336812969999,0.7643492982416467,0.9218362282878412
